Chr,Pos,Rs_ID
1,17306029,rs9435731
1,40060025,rs76841360
1,45946636,rs4660861
1,60913143,rs72673419
1,111738108,rs629619
1,218689155,rs3009947
1,219924894,rs11118406
1,239901006,rs11579382
2,9290357,rs955277
2,15906179,rs10929386
2,42433247,rs12466981
2,157013035,rs72902175
2,218683154,rs2571445
2,229569919,rs16825267
2,239872704,rs62191105
3,11640601,rs2442776
3,25520582,rs1529672
3,29472412,rs13073544
3,55158224,rs17759204
3,57746515,rs62259026
3,123077042,rs4093840
3,127961178,rs2955083
3,141147414,rs7650602
3,168746145,rs7642001
4,75673363,rs4585380
4,89883818,rs7671261
4,106819053,rs34712979
4,145489098,rs13140176
5,52195033,rs1551943
5,72144005,rs34651
5,95036700,rs153916
5,132439010,rs62375246
5,147854970,rs10037493
5,150595073,rs979453
5,156937043,rs10866659
5,170901586,rs12519165
6,7211818,rs1334576
6,19842661,rs9350191
6,22004909,rs13198656
6,30693816,rs3095329
6,32151443,rs2070600
6,109266255,rs2806356
6,117259673,rs1631199
6,140280398,rs646695
6,142668901,rs9399401
7,2752152,rs798565
7,20418134,rs2040732
7,99630342,rs2897075
8,8697658,rs9329170
9,4143749,rs10114763
9,23588684,rs156394
9,85126163,rs7866939
9,101661650,rs10760580
9,119401650,rs803923
10,12277992,rs7068966
10,78318879,rs2579762
10,81706324,rs721917
10,105656874,rs1570221
11,13171236,rs4757118
11,86444761,rs117261012
12,28320536,rs11049386
12,96237570,rs7307510
12,115947901,rs7958945
13,44842503,rs9525927
14,93105953,rs72699855
15,49984710,rs72731149
15,71612514,rs1441358
15,78898932,rs55676755
15,84392907,rs10152300
16,10709013,rs56134392
16,58022625,rs8044657
16,75340231,rs4888379
17,28413129,rs8080772
17,36835079,rs34727469
17,38218773,rs62065216
17,43923683,rs12185268
17,69216687,rs11655567
18,8808464,rs647097
19,46294136,rs72626215
21,35661745,rs2096468
22,18488883,rs9617650
22,33335386,rs73158393