Chr,subsequent_rs_id
0,"['rs9435731', 'rs76841360', 'rs4660861']"
0,"['rs76841360', 'rs4660861', 'rs72673419']"
0,"['rs3009947', 'rs11118406', 'rs11579382']"
1,"['rs955277', 'rs10929386', 'rs12466981']"
1,"['rs2571445', 'rs16825267', 'rs62191105']"
2,"['rs2442776', 'rs1529672', 'rs13073544']"
2,"['rs1529672', 'rs13073544', 'rs17759204']"
2,"['rs13073544', 'rs17759204', 'rs62259026']"
2,"['rs4093840', 'rs2955083', 'rs7650602']"
3,"['rs4585380', 'rs7671261', 'rs2047409']"
3,"['rs7671261', 'rs2047409', 'rs34712979']"
4,"['rs62375246', 'rs10037493', 'rs979453']"
4,"['rs10037493', 'rs979453', 'rs10866659']"
4,"['rs979453', 'rs10866659', 'rs12519165']"
5,"['rs1334576', 'rs9350191', 'rs13198656']"
5,"['rs9350191', 'rs13198656', 'rs3095329']"
5,"['rs13198656', 'rs3095329', 'rs2070600']"
5,"['rs2806356', 'rs1631199', 'rs646695']"
5,"['rs1631199', 'rs646695', 'rs9399401']"
8,"['rs7866939', 'rs10760580', 'rs803923']"
9,"['rs2579762', 'rs721917', 'rs1570221']"
14,"['rs72731149', 'rs1441358', 'rs55676755']"
14,"['rs1441358', 'rs55676755', 'rs10152300']"
16,"['rs8080772', 'rs34727469', 'rs62065216']"
16,"['rs34727469', 'rs62065216', 'rs12185268']"
16,"['rs62065216', 'rs12185268', 'rs11655567']"
