Chr,N_hits,Dist,copd_n_regions,pvalue_in_chr,pvalue_genome,pvalue_genome_multiple_region,copd_regions
9,3,34275487,26,1.0,1.0,0.0057,"[[0, [17306029, 40060025, 45946636]], [0, [40060025, 45946636, 60913143]], [0, [218689155, 219924894, 239901006]], [1, [258540978, 265156800, 291683868]], [1, [467933775, 478820540, 489123325]], [2, [504090595, 517970576, 521922406]], [2, [517970576, 521922406, 547608218]], [2, [521922406, 547608218, 550196509]], [2, [615527036, 620411172, 633597408]], [3, [766145787, 780356242, 796609457]], [3, [780356242, 796609457, 797291477]], [4, [1014065710, 1029481670, 1032221773]], [4, [1029481670, 1032221773, 1038563743]], [4, [1032221773, 1038563743, 1052528286]], [5, [1069753778, 1082384621, 1084546869]], [5, [1082384621, 1084546869, 1093235776]], [5, [1084546869, 1093235776, 1094693403]], [5, [1171808215, 1179801633, 1202822358]], [5, [1179801633, 1202822358, 1205210861]], [8, [1624285875, 1640821362, 1658561362]], [9, [1758692022, 1762079467, 1786030017]], [14, [2357270429, 2378898233, 2386184651]], [14, [2378898233, 2386184651, 2391678626]], [16, [2528584993, 2537006943, 2538390637]], [16, [2537006943, 2538390637, 2544095547]], [16, [2538390637, 2544095547, 2569388551]]]"
15,4,34408197,10,0.9875,0.9708,0.0258,"[[2, [517970576, 521922406, 547608218, 550196509]], [3, [766145787, 780356242, 796609457, 797291477]], [4, [1014065710, 1029481670, 1032221773, 1038563743]], [4, [1029481670, 1032221773, 1038563743, 1052528286]], [5, [1069753778, 1082384621, 1084546869, 1093235776]], [5, [1082384621, 1084546869, 1093235776, 1094693403]], [5, [1171808215, 1179801633, 1202822358, 1205210861]], [14, [2357270429, 2378898233, 2386184651, 2391678626]], [16, [2528584993, 2537006943, 2538390637, 2544095547]], [16, [2537006943, 2538390637, 2544095547, 2569388551]]]"
2,3,21189550,14,0.9998,0.9995,0.0367,"[[0, [40060025, 45946636, 60913143]], [1, [467933775, 478820540, 489123325]], [2, [504090595, 517970576, 521922406]], [2, [615527036, 620411172, 633597408]], [3, [780356242, 796609457, 797291477]], [4, [1014065710, 1029481670, 1032221773]], [4, [1029481670, 1032221773, 1038563743]], [4, [1032221773, 1038563743, 1052528286]], [5, [1069753778, 1082384621, 1084546869]], [5, [1082384621, 1084546869, 1093235776]], [5, [1084546869, 1093235776, 1094693403]], [14, [2378898233, 2386184651, 2391678626]], [16, [2528584993, 2537006943, 2538390637]], [16, [2537006943, 2538390637, 2544095547]]]"
2,7,230582347,11,1.0,0.9857,0.0519,"[[0, [17306029, 40060025, 45946636, 60913143, 111738108, 218689155, 219924894]], [0, [40060025, 45946636, 60913143, 111738108, 218689155, 219924894, 239901006]], [1, [258540978, 265156800, 291683868, 406263656, 467933775, 478820540, 489123325]], [2, [504090595, 517970576, 521922406, 547608218, 550196509, 615527036, 620411172]], [2, [517970576, 521922406, 547608218, 550196509, 615527036, 620411172, 633597408]], [2, [521922406, 547608218, 550196509, 615527036, 620411172, 633597408, 661196139]], [4, [933821733, 953770705, 976663400, 1014065710, 1029481670, 1032221773, 1038563743]], [4, [953770705, 976663400, 1014065710, 1029481670, 1032221773, 1038563743, 1052528286]], [5, [1069753778, 1082384621, 1084546869, 1093235776, 1094693403, 1171808215, 1179801633]], [5, [1082384621, 1084546869, 1093235776, 1094693403, 1171808215, 1179801633, 1202822358]], [5, [1084546869, 1093235776, 1094693403, 1171808215, 1179801633, 1202822358, 1205210861]]]"
1,3,20853118,13,0.9997,0.9994,0.0568,"[[0, [40060025, 45946636, 60913143]], [2, [504090595, 517970576, 521922406]], [2, [615527036, 620411172, 633597408]], [3, [780356242, 796609457, 797291477]], [4, [1014065710, 1029481670, 1032221773]], [4, [1029481670, 1032221773, 1038563743]], [4, [1032221773, 1038563743, 1052528286]], [5, [1069753778, 1082384621, 1084546869]], [5, [1082384621, 1084546869, 1093235776]], [5, [1084546869, 1093235776, 1094693403]], [14, [2378898233, 2386184651, 2391678626]], [16, [2528584993, 2537006943, 2538390637]], [16, [2537006943, 2538390637, 2544095547]]]"
12,3,87627365,42,1.0,1.0,0.0684,"[[0, [17306029, 40060025, 45946636]], [0, [40060025, 45946636, 60913143]], [0, [45946636, 60913143, 111738108]], [0, [218689155, 219924894, 239901006]], [1, [258540978, 265156800, 291683868]], [1, [406263656, 467933775, 478820540]], [1, [467933775, 478820540, 489123325]], [2, [504090595, 517970576, 521922406]], [2, [517970576, 521922406, 547608218]], [2, [521922406, 547608218, 550196509]], [2, [547608218, 550196509, 615527036]], [2, [550196509, 615527036, 620411172]], [2, [615527036, 620411172, 633597408]], [2, [620411172, 633597408, 661196139]], [3, [766145787, 780356242, 796609457]], [3, [780356242, 796609457, 797291477]], [3, [796609457, 797291477, 835961522]], [4, [933821733, 953770705, 976663400]], [4, [953770705, 976663400, 1014065710]], [4, [976663400, 1014065710, 1029481670]], [4, [1014065710, 1029481670, 1032221773]], [4, [1029481670, 1032221773, 1038563743]], [4, [1032221773, 1038563743, 1052528286]], [5, [1069753778, 1082384621, 1084546869]], [5, [1082384621, 1084546869, 1093235776]], [5, [1084546869, 1093235776, 1094693403]], [5, [1093235776, 1094693403, 1171808215]], [5, [1094693403, 1171808215, 1179801633]], [5, [1171808215, 1179801633, 1202822358]], [5, [1179801633, 1202822358, 1205210861]], [8, [1543303461, 1562748396, 1624285875]], [8, [1562748396, 1624285875, 1640821362]], [8, [1624285875, 1640821362, 1658561362]], [9, [1692651135, 1758692022, 1762079467]], [9, [1758692022, 1762079467, 1786030017]], [11, [1979234942, 2047151976, 2066862307]], [14, [2357270429, 2378898233, 2386184651]], [14, [2378898233, 2386184651, 2391678626]], [15, [2420526124, 2467839736, 2485157342]], [16, [2528584993, 2537006943, 2538390637]], [16, [2537006943, 2538390637, 2544095547]], [16, [2538390637, 2544095547, 2569388551]]]"
12,2,19710331,37,1.0,1.0,0.0735,"[[0, [40060025, 45946636]], [0, [45946636, 60913143]], [0, [218689155, 219924894]], [1, [258540978, 265156800]], [1, [467933775, 478820540]], [1, [478820540, 489123325]], [2, [504090595, 517970576]], [2, [517970576, 521922406]], [2, [547608218, 550196509]], [2, [615527036, 620411172]], [2, [620411172, 633597408]], [3, [766145787, 780356242]], [3, [780356242, 796609457]], [3, [796609457, 797291477]], [4, [1014065710, 1029481670]], [4, [1029481670, 1032221773]], [4, [1032221773, 1038563743]], [4, [1038563743, 1052528286]], [5, [1069753778, 1082384621]], [5, [1082384621, 1084546869]], [5, [1084546869, 1093235776]], [5, [1093235776, 1094693403]], [5, [1171808215, 1179801633]], [5, [1202822358, 1205210861]], [6, [1236409179, 1254075161]], [8, [1543303461, 1562748396]], [8, [1624285875, 1640821362]], [8, [1640821362, 1658561362]], [9, [1758692022, 1762079467]], [11, [2047151976, 2066862307]], [14, [2378898233, 2386184651]], [14, [2386184651, 2391678626]], [15, [2467839736, 2485157342]], [16, [2528584993, 2537006943]], [16, [2537006943, 2538390637]], [16, [2538390637, 2544095547]], [21, [2848217603, 2863064106]]]"
1,4,43607114,12,0.9995,0.9975,0.0744,"[[0, [17306029, 40060025, 45946636, 60913143]], [2, [504090595, 517970576, 521922406, 547608218]], [2, [517970576, 521922406, 547608218, 550196509]], [3, [766145787, 780356242, 796609457, 797291477]], [4, [1014065710, 1029481670, 1032221773, 1038563743]], [4, [1029481670, 1032221773, 1038563743, 1052528286]], [5, [1069753778, 1082384621, 1084546869, 1093235776]], [5, [1082384621, 1084546869, 1093235776, 1094693403]], [5, [1171808215, 1179801633, 1202822358, 1205210861]], [14, [2357270429, 2378898233, 2386184651, 2391678626]], [16, [2528584993, 2537006943, 2538390637, 2544095547]], [16, [2537006943, 2538390637, 2544095547, 2569388551]]]"
7,3,96878190,43,1.0,1.0,0.081,"[[0, [17306029, 40060025, 45946636]], [0, [40060025, 45946636, 60913143]], [0, [45946636, 60913143, 111738108]], [0, [218689155, 219924894, 239901006]], [1, [258540978, 265156800, 291683868]], [1, [406263656, 467933775, 478820540]], [1, [467933775, 478820540, 489123325]], [2, [504090595, 517970576, 521922406]], [2, [517970576, 521922406, 547608218]], [2, [521922406, 547608218, 550196509]], [2, [547608218, 550196509, 615527036]], [2, [550196509, 615527036, 620411172]], [2, [615527036, 620411172, 633597408]], [2, [620411172, 633597408, 661196139]], [3, [766145787, 780356242, 796609457]], [3, [780356242, 796609457, 797291477]], [3, [796609457, 797291477, 835961522]], [4, [933821733, 953770705, 976663400]], [4, [953770705, 976663400, 1014065710]], [4, [976663400, 1014065710, 1029481670]], [4, [1014065710, 1029481670, 1032221773]], [4, [1029481670, 1032221773, 1038563743]], [4, [1032221773, 1038563743, 1052528286]], [5, [1069753778, 1082384621, 1084546869]], [5, [1082384621, 1084546869, 1093235776]], [5, [1084546869, 1093235776, 1094693403]], [5, [1093235776, 1094693403, 1171808215]], [5, [1094693403, 1171808215, 1179801633]], [5, [1171808215, 1179801633, 1202822358]], [5, [1179801633, 1202822358, 1205210861]], [6, [1236409179, 1254075161, 1333287369]], [8, [1543303461, 1562748396, 1624285875]], [8, [1562748396, 1624285875, 1640821362]], [8, [1624285875, 1640821362, 1658561362]], [9, [1692651135, 1758692022, 1762079467]], [9, [1758692022, 1762079467, 1786030017]], [11, [1979234942, 2047151976, 2066862307]], [14, [2357270429, 2378898233, 2386184651]], [14, [2378898233, 2386184651, 2391678626]], [15, [2420526124, 2467839736, 2485157342]], [16, [2528584993, 2537006943, 2538390637]], [16, [2537006943, 2538390637, 2544095547]], [16, [2538390637, 2544095547, 2569388551]]]"
10,3,27337995,17,1.0,1.0,0.0816,"[[0, [40060025, 45946636, 60913143]], [0, [218689155, 219924894, 239901006]], [1, [467933775, 478820540, 489123325]], [2, [504090595, 517970576, 521922406]], [2, [615527036, 620411172, 633597408]], [3, [780356242, 796609457, 797291477]], [4, [1014065710, 1029481670, 1032221773]], [4, [1029481670, 1032221773, 1038563743]], [4, [1032221773, 1038563743, 1052528286]], [5, [1069753778, 1082384621, 1084546869]], [5, [1082384621, 1084546869, 1093235776]], [5, [1084546869, 1093235776, 1094693403]], [5, [1179801633, 1202822358, 1205210861]], [9, [1758692022, 1762079467, 1786030017]], [14, [2378898233, 2386184651, 2391678626]], [16, [2528584993, 2537006943, 2538390637]], [16, [2537006943, 2538390637, 2544095547]]]"
2,6,220279562,15,1.0,0.9999,0.0884,"[[0, [17306029, 40060025, 45946636, 60913143, 111738108, 218689155]], [0, [40060025, 45946636, 60913143, 111738108, 218689155, 219924894]], [0, [45946636, 60913143, 111738108, 218689155, 219924894, 239901006]], [1, [258540978, 265156800, 291683868, 406263656, 467933775, 478820540]], [2, [504090595, 517970576, 521922406, 547608218, 550196509, 615527036]], [2, [517970576, 521922406, 547608218, 550196509, 615527036, 620411172]], [2, [521922406, 547608218, 550196509, 615527036, 620411172, 633597408]], [2, [547608218, 550196509, 615527036, 620411172, 633597408, 661196139]], [4, [933821733, 953770705, 976663400, 1014065710, 1029481670, 1032221773]], [4, [953770705, 976663400, 1014065710, 1029481670, 1032221773, 1038563743]], [4, [976663400, 1014065710, 1029481670, 1032221773, 1038563743, 1052528286]], [5, [1069753778, 1082384621, 1084546869, 1093235776, 1094693403, 1171808215]], [5, [1082384621, 1084546869, 1093235776, 1094693403, 1171808215, 1179801633]], [5, [1084546869, 1093235776, 1094693403, 1171808215, 1179801633, 1202822358]], [5, [1093235776, 1094693403, 1171808215, 1179801633, 1202822358, 1205210861]]]"
2,5,197439457,22,1.0,1.0,0.0949,"[[0, [17306029, 40060025, 45946636, 60913143, 111738108]], [0, [40060025, 45946636, 60913143, 111738108, 218689155]], [0, [45946636, 60913143, 111738108, 218689155, 219924894]], [0, [60913143, 111738108, 218689155, 219924894, 239901006]], [1, [291683868, 406263656, 467933775, 478820540, 489123325]], [2, [504090595, 517970576, 521922406, 547608218, 550196509]], [2, [517970576, 521922406, 547608218, 550196509, 615527036]], [2, [521922406, 547608218, 550196509, 615527036, 620411172]], [2, [547608218, 550196509, 615527036, 620411172, 633597408]], [2, [550196509, 615527036, 620411172, 633597408, 661196139]], [3, [766145787, 780356242, 796609457, 797291477, 835961522]], [4, [933821733, 953770705, 976663400, 1014065710, 1029481670]], [4, [953770705, 976663400, 1014065710, 1029481670, 1032221773]], [4, [976663400, 1014065710, 1029481670, 1032221773, 1038563743]], [4, [1014065710, 1029481670, 1032221773, 1038563743, 1052528286]], [5, [1069753778, 1082384621, 1084546869, 1093235776, 1094693403]], [5, [1082384621, 1084546869, 1093235776, 1094693403, 1171808215]], [5, [1084546869, 1093235776, 1094693403, 1171808215, 1179801633]], [5, [1093235776, 1094693403, 1171808215, 1179801633, 1202822358]], [5, [1094693403, 1171808215, 1179801633, 1202822358, 1205210861]], [8, [1543303461, 1562748396, 1624285875, 1640821362, 1658561362]], [16, [2528584993, 2537006943, 2538390637, 2544095547, 2569388551]]]"
7,2,17665982,34,1.0,1.0,0.1035,"[[0, [40060025, 45946636]], [0, [45946636, 60913143]], [0, [218689155, 219924894]], [1, [258540978, 265156800]], [1, [467933775, 478820540]], [1, [478820540, 489123325]], [2, [504090595, 517970576]], [2, [517970576, 521922406]], [2, [547608218, 550196509]], [2, [615527036, 620411172]], [2, [620411172, 633597408]], [3, [766145787, 780356242]], [3, [780356242, 796609457]], [3, [796609457, 797291477]], [4, [1014065710, 1029481670]], [4, [1029481670, 1032221773]], [4, [1032221773, 1038563743]], [4, [1038563743, 1052528286]], [5, [1069753778, 1082384621]], [5, [1082384621, 1084546869]], [5, [1084546869, 1093235776]], [5, [1093235776, 1094693403]], [5, [1171808215, 1179801633]], [5, [1202822358, 1205210861]], [6, [1236409179, 1254075161]], [8, [1624285875, 1640821362]], [9, [1758692022, 1762079467]], [14, [2378898233, 2386184651]], [14, [2386184651, 2391678626]], [15, [2467839736, 2485157342]], [16, [2528584993, 2537006943]], [16, [2537006943, 2538390637]], [16, [2538390637, 2544095547]], [21, [2848217603, 2863064106]]]"
9,5,115257901,18,1.0,1.0,0.1101,"[[0, [17306029, 40060025, 45946636, 60913143, 111738108]], [2, [504090595, 517970576, 521922406, 547608218, 550196509]], [2, [517970576, 521922406, 547608218, 550196509, 615527036]], [2, [521922406, 547608218, 550196509, 615527036, 620411172]], [2, [547608218, 550196509, 615527036, 620411172, 633597408]], [2, [550196509, 615527036, 620411172, 633597408, 661196139]], [3, [766145787, 780356242, 796609457, 797291477, 835961522]], [4, [933821733, 953770705, 976663400, 1014065710, 1029481670]], [4, [953770705, 976663400, 1014065710, 1029481670, 1032221773]], [4, [976663400, 1014065710, 1029481670, 1032221773, 1038563743]], [4, [1014065710, 1029481670, 1032221773, 1038563743, 1052528286]], [5, [1069753778, 1082384621, 1084546869, 1093235776, 1094693403]], [5, [1082384621, 1084546869, 1093235776, 1094693403, 1171808215]], [5, [1084546869, 1093235776, 1094693403, 1171808215, 1179801633]], [5, [1093235776, 1094693403, 1171808215, 1179801633, 1202822358]], [5, [1094693403, 1171808215, 1179801633, 1202822358, 1205210861]], [8, [1543303461, 1562748396, 1624285875, 1640821362, 1658561362]], [16, [2528584993, 2537006943, 2538390637, 2544095547, 2569388551]]]"
3,4,32225933,7,0.977,0.9529,0.1157,"[[2, [517970576, 521922406, 547608218, 550196509]], [3, [766145787, 780356242, 796609457, 797291477]], [4, [1014065710, 1029481670, 1032221773, 1038563743]], [4, [1029481670, 1032221773, 1038563743, 1052528286]], [5, [1069753778, 1082384621, 1084546869, 1093235776]], [5, [1082384621, 1084546869, 1093235776, 1094693403]], [16, [2528584993, 2537006943, 2538390637, 2544095547]]]"
9,4,95812966,26,1.0,1.0,0.1338,"[[0, [17306029, 40060025, 45946636, 60913143]], [0, [40060025, 45946636, 60913143, 111738108]], [1, [406263656, 467933775, 478820540, 489123325]], [2, [504090595, 517970576, 521922406, 547608218]], [2, [517970576, 521922406, 547608218, 550196509]], [2, [521922406, 547608218, 550196509, 615527036]], [2, [547608218, 550196509, 615527036, 620411172]], [2, [550196509, 615527036, 620411172, 633597408]], [2, [615527036, 620411172, 633597408, 661196139]], [3, [766145787, 780356242, 796609457, 797291477]], [3, [780356242, 796609457, 797291477, 835961522]], [4, [933821733, 953770705, 976663400, 1014065710]], [4, [953770705, 976663400, 1014065710, 1029481670]], [4, [976663400, 1014065710, 1029481670, 1032221773]], [4, [1014065710, 1029481670, 1032221773, 1038563743]], [4, [1029481670, 1032221773, 1038563743, 1052528286]], [5, [1069753778, 1082384621, 1084546869, 1093235776]], [5, [1082384621, 1084546869, 1093235776, 1094693403]], [5, [1084546869, 1093235776, 1094693403, 1171808215]], [5, [1093235776, 1094693403, 1171808215, 1179801633]], [5, [1171808215, 1179801633, 1202822358, 1205210861]], [8, [1562748396, 1624285875, 1640821362, 1658561362]], [9, [1692651135, 1758692022, 1762079467, 1786030017]], [14, [2357270429, 2378898233, 2386184651, 2391678626]], [16, [2528584993, 2537006943, 2538390637, 2544095547]], [16, [2537006943, 2538390637, 2544095547, 2569388551]]]"
1,8,222594977,6,1.0,0.8568,0.1377,"[[0, [17306029, 40060025, 45946636, 60913143, 111738108, 218689155, 219924894, 239901006]], [2, [504090595, 517970576, 521922406, 547608218, 550196509, 615527036, 620411172, 633597408]], [2, [517970576, 521922406, 547608218, 550196509, 615527036, 620411172, 633597408, 661196139]], [4, [933821733, 953770705, 976663400, 1014065710, 1029481670, 1032221773, 1038563743, 1052528286]], [5, [1069753778, 1082384621, 1084546869, 1093235776, 1094693403, 1171808215, 1179801633, 1202822358]], [5, [1082384621, 1084546869, 1093235776, 1094693403, 1171808215, 1179801633, 1202822358, 1205210861]]]"
16,2,17317606,33,1.0,1.0,0.1398,"[[0, [40060025, 45946636]], [0, [45946636, 60913143]], [0, [218689155, 219924894]], [1, [258540978, 265156800]], [1, [467933775, 478820540]], [1, [478820540, 489123325]], [2, [504090595, 517970576]], [2, [517970576, 521922406]], [2, [547608218, 550196509]], [2, [615527036, 620411172]], [2, [620411172, 633597408]], [3, [766145787, 780356242]], [3, [780356242, 796609457]], [3, [796609457, 797291477]], [4, [1014065710, 1029481670]], [4, [1029481670, 1032221773]], [4, [1032221773, 1038563743]], [4, [1038563743, 1052528286]], [5, [1069753778, 1082384621]], [5, [1082384621, 1084546869]], [5, [1084546869, 1093235776]], [5, [1093235776, 1094693403]], [5, [1171808215, 1179801633]], [5, [1202822358, 1205210861]], [8, [1624285875, 1640821362]], [9, [1758692022, 1762079467]], [14, [2378898233, 2386184651]], [14, [2386184651, 2391678626]], [15, [2467839736, 2485157342]], [16, [2528584993, 2537006943]], [16, [2537006943, 2538390637]], [16, [2538390637, 2544095547]], [21, [2848217603, 2863064106]]]"
9,2,16535487,32,1.0,1.0,0.1413,"[[0, [40060025, 45946636]], [0, [45946636, 60913143]], [0, [218689155, 219924894]], [1, [258540978, 265156800]], [1, [467933775, 478820540]], [1, [478820540, 489123325]], [2, [504090595, 517970576]], [2, [517970576, 521922406]], [2, [547608218, 550196509]], [2, [615527036, 620411172]], [2, [620411172, 633597408]], [3, [766145787, 780356242]], [3, [780356242, 796609457]], [3, [796609457, 797291477]], [4, [1014065710, 1029481670]], [4, [1029481670, 1032221773]], [4, [1032221773, 1038563743]], [4, [1038563743, 1052528286]], [5, [1069753778, 1082384621]], [5, [1082384621, 1084546869]], [5, [1084546869, 1093235776]], [5, [1093235776, 1094693403]], [5, [1171808215, 1179801633]], [5, [1202822358, 1205210861]], [8, [1624285875, 1640821362]], [9, [1758692022, 1762079467]], [14, [2378898233, 2386184651]], [14, [2386184651, 2391678626]], [16, [2528584993, 2537006943]], [16, [2537006943, 2538390637]], [16, [2538390637, 2544095547]], [21, [2848217603, 2863064106]]]"
1,7,199840981,9,1.0,0.9808,0.1425,"[[0, [40060025, 45946636, 60913143, 111738108, 218689155, 219924894, 239901006]], [2, [504090595, 517970576, 521922406, 547608218, 550196509, 615527036, 620411172]], [2, [517970576, 521922406, 547608218, 550196509, 615527036, 620411172, 633597408]], [2, [521922406, 547608218, 550196509, 615527036, 620411172, 633597408, 661196139]], [4, [933821733, 953770705, 976663400, 1014065710, 1029481670, 1032221773, 1038563743]], [4, [953770705, 976663400, 1014065710, 1029481670, 1032221773, 1038563743, 1052528286]], [5, [1069753778, 1082384621, 1084546869, 1093235776, 1094693403, 1171808215, 1179801633]], [5, [1082384621, 1084546869, 1093235776, 1094693403, 1171808215, 1179801633, 1202822358]], [5, [1084546869, 1093235776, 1094693403, 1171808215, 1179801633, 1202822358, 1205210861]]]"
17,4,15510554,2,0.4384,0.4097,0.1446,"[[5, [1082384621, 1084546869, 1093235776, 1094693403]], [16, [2528584993, 2537006943, 2538390637, 2544095547]]]"
15,3,12780393,6,0.9698,0.962,0.1556,"[[4, [1029481670, 1032221773, 1038563743]], [5, [1082384621, 1084546869, 1093235776]], [5, [1084546869, 1093235776, 1094693403]], [14, [2378898233, 2386184651, 2391678626]], [16, [2528584993, 2537006943, 2538390637]], [16, [2537006943, 2538390637, 2544095547]]]"
4,4,31145690,6,0.9702,0.9427,0.1668,"[[3, [766145787, 780356242, 796609457, 797291477]], [4, [1014065710, 1029481670, 1032221773, 1038563743]], [4, [1029481670, 1032221773, 1038563743, 1052528286]], [5, [1069753778, 1082384621, 1084546869, 1093235776]], [5, [1082384621, 1084546869, 1093235776, 1094693403]], [16, [2528584993, 2537006943, 2538390637, 2544095547]]]"
3,3,17831811,9,0.9987,0.9977,0.1713,"[[2, [504090595, 517970576, 521922406]], [3, [780356242, 796609457, 797291477]], [4, [1029481670, 1032221773, 1038563743]], [5, [1069753778, 1082384621, 1084546869]], [5, [1082384621, 1084546869, 1093235776]], [5, [1084546869, 1093235776, 1094693403]], [14, [2378898233, 2386184651, 2391678626]], [16, [2528584993, 2537006943, 2538390637]], [16, [2537006943, 2538390637, 2544095547]]]"
3,8,129506813,3,0.914,0.5583,0.1956,"[[2, [504090595, 517970576, 521922406, 547608218, 550196509, 615527036, 620411172, 633597408]], [4, [933821733, 953770705, 976663400, 1014065710, 1029481670, 1032221773, 1038563743, 1052528286]], [5, [1082384621, 1084546869, 1093235776, 1094693403, 1171808215, 1179801633, 1202822358, 1205210861]]]"
3,5,46105914,4,0.8724,0.7885,0.1986,"[[2, [504090595, 517970576, 521922406, 547608218, 550196509]], [4, [1014065710, 1029481670, 1032221773, 1038563743, 1052528286]], [5, [1069753778, 1082384621, 1084546869, 1093235776, 1094693403]], [16, [2528584993, 2537006943, 2538390637, 2544095547, 2569388551]]]"
5,2,2740103,8,0.9978,0.9977,0.2057,"[[0, [218689155, 219924894]], [2, [547608218, 550196509]], [3, [796609457, 797291477]], [4, [1029481670, 1032221773]], [5, [1082384621, 1084546869]], [5, [1093235776, 1094693403]], [5, [1202822358, 1205210861]], [16, [2537006943, 2538390637]]]"
2,2,6615822,16,1.0,1.0,0.2067,"[[0, [40060025, 45946636]], [0, [218689155, 219924894]], [1, [258540978, 265156800]], [2, [517970576, 521922406]], [2, [547608218, 550196509]], [2, [615527036, 620411172]], [3, [796609457, 797291477]], [4, [1029481670, 1032221773]], [4, [1032221773, 1038563743]], [5, [1082384621, 1084546869]], [5, [1093235776, 1094693403]], [5, [1202822358, 1205210861]], [9, [1758692022, 1762079467]], [14, [2386184651, 2391678626]], [16, [2537006943, 2538390637]], [16, [2538390637, 2544095547]]]"
4,3,16935235,8,0.997,0.9953,0.2108,"[[3, [780356242, 796609457, 797291477]], [4, [1029481670, 1032221773, 1038563743]], [5, [1069753778, 1082384621, 1084546869]], [5, [1082384621, 1084546869, 1093235776]], [5, [1084546869, 1093235776, 1094693403]], [14, [2378898233, 2386184651, 2391678626]], [16, [2528584993, 2537006943, 2538390637]], [16, [2537006943, 2538390637, 2544095547]]]"
3,9,157105544,2,0.8865,0.3919,0.2145,"[[2, [504090595, 517970576, 521922406, 547608218, 550196509, 615527036, 620411172, 633597408, 661196139]], [5, [1069753778, 1082384621, 1084546869, 1093235776, 1094693403, 1171808215, 1179801633, 1202822358, 1205210861]]]"
17,5,40803558,3,0.7561,0.6682,0.2156,"[[4, [1014065710, 1029481670, 1032221773, 1038563743, 1052528286]], [5, [1069753778, 1082384621, 1084546869, 1093235776, 1094693403]], [16, [2528584993, 2537006943, 2538390637, 2544095547, 2569388551]]]"
6,5,24939625,1,0.2534,0.2242,0.2242,"[[5, [1069753778, 1082384621, 1084546869, 1093235776, 1094693403]]]"
6,3,10146534,4,0.8986,0.8842,0.2278,"[[4, [1029481670, 1032221773, 1038563743]], [5, [1084546869, 1093235776, 1094693403]], [16, [2528584993, 2537006943, 2538390637]], [16, [2537006943, 2538390637, 2544095547]]]"
10,4,93378882,24,1.0,1.0,0.2412,"[[0, [17306029, 40060025, 45946636, 60913143]], [0, [40060025, 45946636, 60913143, 111738108]], [1, [406263656, 467933775, 478820540, 489123325]], [2, [504090595, 517970576, 521922406, 547608218]], [2, [517970576, 521922406, 547608218, 550196509]], [2, [547608218, 550196509, 615527036, 620411172]], [2, [550196509, 615527036, 620411172, 633597408]], [2, [615527036, 620411172, 633597408, 661196139]], [3, [766145787, 780356242, 796609457, 797291477]], [3, [780356242, 796609457, 797291477, 835961522]], [4, [933821733, 953770705, 976663400, 1014065710]], [4, [953770705, 976663400, 1014065710, 1029481670]], [4, [976663400, 1014065710, 1029481670, 1032221773]], [4, [1014065710, 1029481670, 1032221773, 1038563743]], [4, [1029481670, 1032221773, 1038563743, 1052528286]], [5, [1069753778, 1082384621, 1084546869, 1093235776]], [5, [1082384621, 1084546869, 1093235776, 1094693403]], [5, [1084546869, 1093235776, 1094693403, 1171808215]], [5, [1093235776, 1094693403, 1171808215, 1179801633]], [5, [1171808215, 1179801633, 1202822358, 1205210861]], [9, [1692651135, 1758692022, 1762079467, 1786030017]], [14, [2357270429, 2378898233, 2386184651, 2391678626]], [16, [2528584993, 2537006943, 2538390637, 2544095547]], [16, [2537006943, 2538390637, 2544095547, 2569388551]]]"
6,4,12308782,1,0.2702,0.2547,0.2547,"[[5, [1082384621, 1084546869, 1093235776, 1094693403]]]"
5,4,23046616,3,0.7924,0.7485,0.2567,"[[4, [1029481670, 1032221773, 1038563743, 1052528286]], [5, [1082384621, 1084546869, 1093235776, 1094693403]], [16, [2528584993, 2537006943, 2538390637, 2544095547]]]"
10,2,3387445,9,0.9999,0.9999,0.2606,"[[0, [218689155, 219924894]], [2, [547608218, 550196509]], [3, [796609457, 797291477]], [4, [1029481670, 1032221773]], [5, [1082384621, 1084546869]], [5, [1093235776, 1094693403]], [5, [1202822358, 1205210861]], [9, [1758692022, 1762079467]], [16, [2537006943, 2538390637]]]"
1,6,179864869,12,1.0,0.9999,0.2748,"[[0, [40060025, 45946636, 60913143, 111738108, 218689155, 219924894]], [2, [504090595, 517970576, 521922406, 547608218, 550196509, 615527036]], [2, [517970576, 521922406, 547608218, 550196509, 615527036, 620411172]], [2, [521922406, 547608218, 550196509, 615527036, 620411172, 633597408]], [2, [547608218, 550196509, 615527036, 620411172, 633597408, 661196139]], [4, [933821733, 953770705, 976663400, 1014065710, 1029481670, 1032221773]], [4, [953770705, 976663400, 1014065710, 1029481670, 1032221773, 1038563743]], [4, [976663400, 1014065710, 1029481670, 1032221773, 1038563743, 1052528286]], [5, [1069753778, 1082384621, 1084546869, 1093235776, 1094693403, 1171808215]], [5, [1082384621, 1084546869, 1093235776, 1094693403, 1171808215, 1179801633]], [5, [1084546869, 1093235776, 1094693403, 1171808215, 1179801633, 1202822358]], [5, [1093235776, 1094693403, 1171808215, 1179801633, 1202822358, 1205210861]]]"
6,9,135457083,1,0.6627,0.2788,0.2788,"[[5, [1069753778, 1082384621, 1084546869, 1093235776, 1094693403, 1171808215, 1179801633, 1202822358, 1205210861]]]"
3,7,115626832,4,0.9841,0.8039,0.2837,"[[2, [517970576, 521922406, 547608218, 550196509, 615527036, 620411172, 633597408]], [4, [933821733, 953770705, 976663400, 1014065710, 1029481670, 1032221773, 1038563743]], [4, [953770705, 976663400, 1014065710, 1029481670, 1032221773, 1038563743, 1052528286]], [5, [1069753778, 1082384621, 1084546869, 1093235776, 1094693403, 1171808215, 1179801633]]]"
6,8,122826240,2,0.8559,0.5024,0.2899,"[[4, [933821733, 953770705, 976663400, 1014065710, 1029481670, 1032221773, 1038563743, 1052528286]], [5, [1082384621, 1084546869, 1093235776, 1094693403, 1171808215, 1179801633, 1202822358, 1205210861]]]"
22,2,14846503,28,1.0,1.0,0.2902,"[[0, [40060025, 45946636]], [0, [218689155, 219924894]], [1, [258540978, 265156800]], [1, [467933775, 478820540]], [1, [478820540, 489123325]], [2, [504090595, 517970576]], [2, [517970576, 521922406]], [2, [547608218, 550196509]], [2, [615527036, 620411172]], [2, [620411172, 633597408]], [3, [766145787, 780356242]], [3, [796609457, 797291477]], [4, [1029481670, 1032221773]], [4, [1032221773, 1038563743]], [4, [1038563743, 1052528286]], [5, [1069753778, 1082384621]], [5, [1082384621, 1084546869]], [5, [1084546869, 1093235776]], [5, [1093235776, 1094693403]], [5, [1171808215, 1179801633]], [5, [1202822358, 1205210861]], [9, [1758692022, 1762079467]], [14, [2378898233, 2386184651]], [14, [2386184651, 2391678626]], [16, [2528584993, 2537006943]], [16, [2537006943, 2538390637]], [16, [2538390637, 2544095547]], [21, [2848217603, 2863064106]]]"
3,2,2588291,7,0.9966,0.9965,0.2966,"[[0, [218689155, 219924894]], [2, [547608218, 550196509]], [3, [796609457, 797291477]], [5, [1082384621, 1084546869]], [5, [1093235776, 1094693403]], [5, [1202822358, 1205210861]], [16, [2537006943, 2538390637]]]"
5,5,38462576,2,0.6912,0.6064,0.3348,"[[4, [1014065710, 1029481670, 1032221773, 1038563743, 1052528286]], [5, [1069753778, 1082384621, 1084546869, 1093235776, 1094693403]]]"
6,7,110047855,3,0.9663,0.7613,0.3728,"[[4, [933821733, 953770705, 976663400, 1014065710, 1029481670, 1032221773, 1038563743]], [4, [953770705, 976663400, 1014065710, 1029481670, 1032221773, 1038563743, 1052528286]], [5, [1069753778, 1082384621, 1084546869, 1093235776, 1094693403, 1171808215, 1179801633]]]"
3,6,102440596,6,0.9995,0.9635,0.3774,"[[2, [517970576, 521922406, 547608218, 550196509, 615527036, 620411172]], [4, [933821733, 953770705, 976663400, 1014065710, 1029481670, 1032221773]], [4, [953770705, 976663400, 1014065710, 1029481670, 1032221773, 1038563743]], [4, [976663400, 1014065710, 1029481670, 1032221773, 1038563743, 1052528286]], [5, [1069753778, 1082384621, 1084546869, 1093235776, 1094693403, 1171808215]], [5, [1082384621, 1084546869, 1093235776, 1094693403, 1171808215, 1179801633]]]"
6,2,1457627,4,0.9612,0.9606,0.38,"[[0, [218689155, 219924894]], [3, [796609457, 797291477]], [5, [1093235776, 1094693403]], [16, [2537006943, 2538390637]]]"
2,4,82859669,20,1.0,1.0,0.3911,"[[0, [17306029, 40060025, 45946636, 60913143]], [0, [40060025, 45946636, 60913143, 111738108]], [1, [406263656, 467933775, 478820540, 489123325]], [2, [504090595, 517970576, 521922406, 547608218]], [2, [517970576, 521922406, 547608218, 550196509]], [2, [547608218, 550196509, 615527036, 620411172]], [2, [615527036, 620411172, 633597408, 661196139]], [3, [766145787, 780356242, 796609457, 797291477]], [3, [780356242, 796609457, 797291477, 835961522]], [4, [933821733, 953770705, 976663400, 1014065710]], [4, [953770705, 976663400, 1014065710, 1029481670]], [4, [976663400, 1014065710, 1029481670, 1032221773]], [4, [1014065710, 1029481670, 1032221773, 1038563743]], [4, [1029481670, 1032221773, 1038563743, 1052528286]], [5, [1069753778, 1082384621, 1084546869, 1093235776]], [5, [1082384621, 1084546869, 1093235776, 1094693403]], [5, [1171808215, 1179801633, 1202822358, 1205210861]], [14, [2357270429, 2378898233, 2386184651, 2391678626]], [16, [2528584993, 2537006943, 2538390637, 2544095547]], [16, [2537006943, 2538390637, 2544095547, 2569388551]]]"
16,3,64631218,32,1.0,1.0,0.4132,"[[0, [17306029, 40060025, 45946636]], [0, [40060025, 45946636, 60913143]], [0, [218689155, 219924894, 239901006]], [1, [258540978, 265156800, 291683868]], [1, [467933775, 478820540, 489123325]], [2, [504090595, 517970576, 521922406]], [2, [517970576, 521922406, 547608218]], [2, [521922406, 547608218, 550196509]], [2, [615527036, 620411172, 633597408]], [2, [620411172, 633597408, 661196139]], [3, [766145787, 780356242, 796609457]], [3, [780356242, 796609457, 797291477]], [3, [796609457, 797291477, 835961522]], [4, [933821733, 953770705, 976663400]], [4, [953770705, 976663400, 1014065710]], [4, [976663400, 1014065710, 1029481670]], [4, [1014065710, 1029481670, 1032221773]], [4, [1029481670, 1032221773, 1038563743]], [4, [1032221773, 1038563743, 1052528286]], [5, [1069753778, 1082384621, 1084546869]], [5, [1082384621, 1084546869, 1093235776]], [5, [1084546869, 1093235776, 1094693403]], [5, [1171808215, 1179801633, 1202822358]], [5, [1179801633, 1202822358, 1205210861]], [8, [1624285875, 1640821362, 1658561362]], [9, [1758692022, 1762079467, 1786030017]], [14, [2357270429, 2378898233, 2386184651]], [14, [2378898233, 2386184651, 2391678626]], [15, [2420526124, 2467839736, 2485157342]], [16, [2528584993, 2537006943, 2538390637]], [16, [2537006943, 2538390637, 2544095547]], [16, [2538390637, 2544095547, 2569388551]]]"
15,2,5493975,12,1.0,1.0,0.4247,"[[0, [218689155, 219924894]], [2, [517970576, 521922406]], [2, [547608218, 550196509]], [2, [615527036, 620411172]], [3, [796609457, 797291477]], [4, [1029481670, 1032221773]], [5, [1082384621, 1084546869]], [5, [1093235776, 1094693403]], [5, [1202822358, 1205210861]], [9, [1758692022, 1762079467]], [14, [2386184651, 2391678626]], [16, [2537006943, 2538390637]]]"
5,8,118706553,1,0.8122,0.4683,0.4683,"[[4, [933821733, 953770705, 976663400, 1014065710, 1029481670, 1032221773, 1038563743, 1052528286]]]"
11,2,73273525,58,1.0,1.0,0.4784,"[[0, [17306029, 40060025]], [0, [40060025, 45946636]], [0, [45946636, 60913143]], [0, [60913143, 111738108]], [0, [218689155, 219924894]], [0, [219924894, 239901006]], [1, [258540978, 265156800]], [1, [265156800, 291683868]], [1, [406263656, 467933775]], [1, [467933775, 478820540]], [1, [478820540, 489123325]], [2, [504090595, 517970576]], [2, [517970576, 521922406]], [2, [521922406, 547608218]], [2, [547608218, 550196509]], [2, [550196509, 615527036]], [2, [615527036, 620411172]], [2, [620411172, 633597408]], [2, [633597408, 661196139]], [3, [766145787, 780356242]], [3, [780356242, 796609457]], [3, [796609457, 797291477]], [3, [797291477, 835961522]], [4, [933821733, 953770705]], [4, [953770705, 976663400]], [4, [976663400, 1014065710]], [4, [1014065710, 1029481670]], [4, [1029481670, 1032221773]], [4, [1032221773, 1038563743]], [4, [1038563743, 1052528286]], [5, [1069753778, 1082384621]], [5, [1082384621, 1084546869]], [5, [1084546869, 1093235776]], [5, [1093235776, 1094693403]], [5, [1171808215, 1179801633]], [5, [1179801633, 1202822358]], [5, [1202822358, 1205210861]], [6, [1236409179, 1254075161]], [8, [1543303461, 1562748396]], [8, [1562748396, 1624285875]], [8, [1624285875, 1640821362]], [8, [1640821362, 1658561362]], [9, [1692651135, 1758692022]], [9, [1758692022, 1762079467]], [9, [1762079467, 1786030017]], [10, [1829079126, 1902352651]], [11, [1979234942, 2047151976]], [11, [2047151976, 2066862307]], [14, [2357270429, 2378898233]], [14, [2378898233, 2386184651]], [14, [2386184651, 2391678626]], [15, [2420526124, 2467839736]], [15, [2467839736, 2485157342]], [16, [2528584993, 2537006943]], [16, [2537006943, 2538390637]], [16, [2538390637, 2544095547]], [16, [2544095547, 2569388551]], [21, [2848217603, 2863064106]]]"
4,5,69815735,6,0.9992,0.9874,0.494,"[[2, [504090595, 517970576, 521922406, 547608218, 550196509]], [3, [766145787, 780356242, 796609457, 797291477, 835961522]], [4, [976663400, 1014065710, 1029481670, 1032221773, 1038563743]], [4, [1014065710, 1029481670, 1032221773, 1038563743, 1052528286]], [5, [1069753778, 1082384621, 1084546869, 1093235776, 1094693403]], [16, [2528584993, 2537006943, 2538390637, 2544095547, 2569388551]]]"
1,5,94432079,10,1.0,0.9998,0.5289,"[[0, [17306029, 40060025, 45946636, 60913143, 111738108]], [2, [504090595, 517970576, 521922406, 547608218, 550196509]], [2, [547608218, 550196509, 615527036, 620411172, 633597408]], [3, [766145787, 780356242, 796609457, 797291477, 835961522]], [4, [953770705, 976663400, 1014065710, 1029481670, 1032221773]], [4, [976663400, 1014065710, 1029481670, 1032221773, 1038563743]], [4, [1014065710, 1029481670, 1032221773, 1038563743, 1052528286]], [5, [1069753778, 1082384621, 1084546869, 1093235776, 1094693403]], [5, [1082384621, 1084546869, 1093235776, 1094693403, 1171808215]], [16, [2528584993, 2537006943, 2538390637, 2544095547, 2569388551]]]"
5,3,9082073,2,0.842,0.827,0.5532,"[[4, [1029481670, 1032221773, 1038563743]], [16, [2537006943, 2538390637, 2544095547]]]"
17,2,1383694,3,0.953,0.9523,0.5749,"[[0, [218689155, 219924894]], [3, [796609457, 797291477]], [16, [2537006943, 2538390637]]]"
5,7,98757581,1,0.8932,0.6509,0.6509,"[[4, [953770705, 976663400, 1014065710, 1029481670, 1032221773, 1038563743, 1052528286]]]"
17,3,7088604,1,0.6957,0.6818,0.6818,"[[16, [2537006943, 2538390637, 2544095547]]]"
6,6,97417012,3,0.9987,0.9462,0.7217,"[[4, [953770705, 976663400, 1014065710, 1029481670, 1032221773, 1038563743]], [4, [976663400, 1014065710, 1029481670, 1032221773, 1038563743, 1052528286]], [5, [1082384621, 1084546869, 1093235776, 1094693403, 1171808215, 1179801633]]]"
1,2,1235739,2,0.9339,0.9332,0.7508,"[[0, [218689155, 219924894]], [3, [796609457, 797291477]]]"
4,2,682020,1,0.7767,0.7759,0.7759,"[[3, [796609457, 797291477]]]"
5,6,75864886,1,0.9282,0.7809,0.7809,"[[4, [976663400, 1014065710, 1029481670, 1032221773, 1038563743, 1052528286]]]"
